Autentificare cont utilizator,16-05-2024 09:29:35
Autentificare cont utilizator,16-05-2024 09:30:13
Autentificare cont utilizator,16-05-2024 09:30:37
Cautare productii media,16-05-2024 09:30:44
Autentificare cont utilizator,16-05-2024 09:34:59
Cautare productii media,16-05-2024 09:35:11
Afisare detaliata productie media,16-05-2024 09:35:36
Adaugare productie watch list,16-05-2024 09:35:41
Autentificare cont utilizator,16-05-2024 09:49:17
Afisare detaliata productie media,16-05-2024 09:49:21
Adaugare productie watch list,16-05-2024 09:49:30
Adaugare/Actualizare review,16-05-2024 09:49:48
Actualizare rating productie Media,16-05-2024 09:49:48
Stergere review,16-05-2024 09:50:01
Actualizare rating productie Media,16-05-2024 09:50:01
Afisare review-uri,16-05-2024 09:50:16
Adaugare/Actualizare review,16-05-2024 09:50:29
Actualizare rating productie Media,16-05-2024 09:50:29
Adaugare/Actualizare review,16-05-2024 09:50:42
Actualizare rating productie Media,16-05-2024 09:50:42
Afisare toate productiile media,16-05-2024 09:51:13
Afisare watch list,16-05-2024 09:51:25
Adaugare productie watch list,16-05-2024 09:51:32
Adaugare productie watch list,16-05-2024 09:51:41
Stergere productie watch list,16-05-2024 09:51:50
Autentificare cont administrator,16-05-2024 09:53:11
Creare anime,16-05-2024 09:53:45
Creare manga,16-05-2024 09:54:21
Creare roman,16-05-2024 09:55:04
Stergere anime,16-05-2024 09:55:32
Stergere manga,16-05-2024 09:55:44
Stergere novel,16-05-2024 09:55:51
Afisare detaliata productie media,16-05-2024 09:56:20
Creare episod,16-05-2024 09:56:26
Afisare detaliata productie media,16-05-2024 09:59:16
Stergere episod,16-05-2024 09:59:26
Creare episod,16-05-2024 10:00:29
Cautare productii media,16-05-2024 10:00:42
Autentificare cont utilizator,16-05-2024 11:03:38
Autentificare cont utilizator,16-05-2024 11:04:56
Creare cont utilizator,16-05-2024 11:34:21
Autentificare cont utilizator,16-05-2024 11:45:16
Actualizare cont utilizator,16-05-2024 11:45:44
Autentificare cont utilizator,16-05-2024 11:49:22
Actualizare cont utilizator,16-05-2024 11:49:57
Creare cont utilizator,16-05-2024 11:54:46
Autentificare cont utilizator,16-05-2024 11:54:55
Actualizare cont utilizator,16-05-2024 11:55:07
Actualizare cont utilizator,16-05-2024 11:55:32
Creare cont utilizator,16-05-2024 18:41:01
Autentificare cont utilizator,16-05-2024 18:41:17
Afisare toate productiile media,16-05-2024 18:41:23
Afisare detaliata productie media,16-05-2024 18:41:26
Adaugare productie watch list,16-05-2024 18:41:29
Adaugare/Actualizare review,16-05-2024 18:41:37
Actualizare rating productie Media,16-05-2024 18:41:37
Autentificare cont utilizator,16-05-2024 19:06:58
Afisare productiile media sortate,16-05-2024 19:07:00
Afisare toate productiile media,16-05-2024 19:07:44
Autentificare cont utilizator,16-05-2024 19:11:00
Afisare productiile media sortate,16-05-2024 19:11:03
Autentificare cont utilizator,16-05-2024 19:11:57
Afisare productiile media sortate,16-05-2024 19:11:59
Autentificare cont utilizator,16-05-2024 19:14:08
Afisare productiile media sortate,16-05-2024 19:14:11
